keyword,lag,level_coef,level_se,level_p,trend_coef,trend_se,trend_p
天氣,2,5.254250275282402,2.81024928715087,0.06353171079951947,-0.30819815750911445,0.058073726024004325,4.0577970472632785e-07
天氣,4,5.254250275282402,2.3335002001873146,0.025836296587773866,-0.30819815750911445,0.05580996268909972,1.4906887479959607e-07
天氣,6,5.254250275282402,2.2449649213429814,0.02061364131017207,-0.30819815750911445,0.05584482916540046,1.5150774745897877e-07
防中暑,2,7.137680282145067,4.090049195602419,0.08306568538967563,-0.12398508350270886,0.07269734286389158,0.09022842418351118
防中暑,4,7.137680282145067,3.4989017701042235,0.04315533582794906,-0.12398508350270886,0.06435466133354176,0.05597337578238104
防中暑,6,7.137680282145067,2.707673718054464,0.009293354696317202,-0.12398508350270886,0.05314571659558632,0.021017435604094414
